{
    "revenue": 4746727.3,
    "conversions": 41740.99999999993,
    "spend": 860008.787269
}